property_key,contractDate,prediction
p-ff93e87ab,2023-01-01,500
p-38fe6afe9,2023-01-01,500
p-fc9650179,2023-01-01,500
p-59a09ad08,2023-01-01,500
p-808332e5c,2023-01-01,500
p-0d328c3e3,2023-01-01,500
p-09c6e78ff,2023-01-01,500
p-22effa82c,2023-01-01,500
p-bdb39a692,2023-01-01,500
p-a3c730ae1,2023-01-01,500
p-bf1c2a2b6,2023-01-01,500
p-e6a95ade3,2023-01-01,500
p-c6d334669,2023-01-01,500
p-c536ea003,2023-01-01,500
p-64e46c15c,2023-01-01,500
p-55dc23e9d,2023-01-01,500
p-f1da476aa,2023-01-01,500
p-786ac1ba5,2023-01-01,500
p-c32299db7,2023-01-01,500
p-d0bf43b9b,2023-01-01,500
p-be2eb0456,2023-01-01,500
p-3ccac1820,2023-01-01,500
p-cc8cf982d,2023-01-01,500
p-f89f3736d,2023-01-01,500
p-7de10391d,2023-01-01,500
p-c1c3f5cc6,2023-01-01,500
p-3330034a1,2023-01-01,500
p-f1a93673e,2023-01-01,500
p-d90c77539,2023-01-01,500
p-69d34985d,2023-01-01,500
p-a6af5ef07,2023-01-01,500
p-08f522800,2023-01-01,500
p-64432b070,2023-01-01,500
p-73e57c2f3,2023-01-01,500
p-59cef63b1,2023-01-01,500
p-72ad95f29,2023-01-01,500
p-7c45bf3cc,2023-01-01,500
p-e224352ac,2023-01-01,500
p-5d78804df,2023-01-01,500
p-1f43fbaee,2023-01-01,500
p-40b6ca172,2023-01-01,500
p-037d28d0b,2023-01-01,500
p-e55bd8b3c,2023-01-01,500
p-635e1e8b6,2023-01-01,500
p-c9a4db197,2023-01-01,500
p-ec1acd144,2023-01-01,500
p-7e6905c87,2023-01-01,500
p-7dc87e40f,2023-01-01,500
p-befc52ec6,2023-01-01,500
p-22226ce1f,2023-01-01,500
p-af400ab7c,2023-01-01,500
p-e02524ebb,2023-01-01,500
p-f183ad8c4,2023-01-01,500
p-b5a5c1d2a,2023-01-01,500
p-e3853d725,2023-01-01,500
p-47eff2678,2023-01-01,500
p-696a22a8d,2023-01-01,500
p-12bfe3b5a,2023-01-01,500
p-eb2b464fe,2023-01-01,500
p-f47b7b53d,2023-01-01,500
p-7850ecc83,2023-01-01,500
p-bdff17c05,2023-01-01,500
p-5c913cf0e,2023-01-01,500
p-15fe74d40,2023-01-01,500
p-5584583d8,2023-01-01,500
p-99fce73ff,2023-01-01,500
p-111d09d14,2023-01-01,500
p-1032ec43d,2023-01-01,500
p-7f4123fe2,2023-01-01,500
p-f37b718b9,2023-01-01,500
p-d04a97b26,2023-01-01,500
p-eec63ffc8,2023-01-01,500
p-d41459e33,2023-01-01,500
p-dbb27031e,2023-01-01,500
p-4a494b2bf,2023-01-01,500
p-e7543c8b0,2023-01-01,500
p-90c39f0b8,2023-01-01,500
p-afd882caa,2023-01-01,500
p-a3b98a7ab,2023-01-01,500
p-2d4a20401,2023-01-01,500
p-3fa32b52c,2023-01-01,500
p-bf33b2cee,2023-01-01,500
p-0da3c3340,2023-01-01,500
p-f7df2e035,2023-01-01,500
p-fc0fba8c3,2023-01-01,500
p-34516d063,2023-01-01,500
p-53bd36739,2023-01-01,500
p-64f0dd546,2023-01-01,500
p-c0bcdd442,2023-01-01,500
p-721153108,2023-01-01,500
p-7e669a881,2023-01-01,500
p-bfb9c988e,2023-01-01,500
p-7c52e7cb7,2023-01-01,500
p-9169dc7d3,2023-01-01,500
p-169a1930a,2023-01-01,500
p-9ab96eb9f,2023-01-01,500
p-b4a197b42,2023-01-01,500
p-32bc053af,2023-01-01,500
p-9b2afaf8a,2023-01-01,500
p-ad74e6f04,2023-01-01,500
p-e21bf58ab,2023-01-01,500
p-1331633e0,2023-01-01,500
p-874c3ac65,2023-01-01,500
p-12d047570,2023-01-01,500
p-d2948c095,2023-01-01,500
p-2da2a961e,2023-01-01,500
p-0d8a20684,2023-01-01,500
p-3ffcca931,2023-01-01,500
p-881b9628f,2023-01-01,500
p-6e7bbe9b7,2023-01-01,500
p-511763a40,2023-01-01,500
p-a95dbd0fe,2023-01-01,500
p-e352a81ce,2023-01-01,500
p-3dd62c59a,2023-01-01,500
p-bd13909c8,2023-01-01,500
p-e21b97479,2023-01-01,500
p-bce4a5970,2023-01-01,500
p-e8c756203,2023-01-01,500
p-bf5d0b22b,2023-01-01,500
p-013a02fcd,2023-01-01,500
p-7a9cb0d56,2023-01-01,500
p-574ce324e,2023-01-01,500
p-3cb8dd891,2023-01-01,500
p-095ab6be8,2023-01-01,500
p-23e71eea3,2023-01-01,500
p-129b7db21,2023-01-01,500
p-6169ac0fa,2023-01-01,500
p-7d8e621b5,2023-01-01,500
p-b734d483c,2023-01-01,500
p-3a0d3758c,2023-01-01,500
p-1e35b7e1d,2023-01-01,500
p-8ae2eb6ff,2023-01-01,500
p-0633b35ec,2023-01-01,500
p-f264c7795,2023-01-01,500
p-475c42dd4,2023-01-01,500
p-93af785b3,2023-01-01,500
p-263debe0f,2023-01-01,500
p-99b153b9f,2023-01-01,500
p-46d5f312d,2023-01-01,500
p-35f384426,2023-01-01,500
p-04008c143,2023-01-01,500
p-68fbd9017,2023-01-01,500
p-028cd10e0,2023-01-01,500
p-37eb26bc1,2023-01-01,500
p-cffc5d890,2023-01-01,500
p-e29978f33,2023-01-01,500
p-120881faa,2023-01-01,500
p-5ee7b66ee,2023-01-01,500
p-2e9d8ad72,2023-01-01,500
p-0e53b9e78,2023-01-01,500
p-3fb351875,2023-01-01,500
p-a267155ce,2023-01-01,500
p-cd6fa6751,2023-01-01,500
p-fc1ac4377,2023-01-01,500
p-f65338afe,2023-01-01,500
p-2556b40c6,2023-01-01,500
p-e3c926a61,2023-01-01,500
p-f99210e9b,2023-01-01,500
p-303216561,2023-01-01,500
p-8eaa7dbbc,2023-01-01,500
p-526ec06fa,2023-01-01,500
p-e56aa18af,2023-01-01,500
p-5d27d00ae,2023-01-01,500
p-5f17e0673,2023-01-01,500
p-e00d46f4a,2023-01-01,500
p-af9fd336a,2023-01-01,500
p-5c8dfd68b,2023-01-01,500
p-deaa174eb,2023-01-01,500
p-50b9ecb8f,2023-01-01,500
p-3131c3839,2023-01-01,500
p-e50b0b971,2023-01-01,500
p-b98adfa75,2023-01-01,500
p-fb0fc761e,2023-01-01,500
p-0907ac60e,2023-01-01,500
p-7424f0b63,2023-01-01,500
p-c8ef05d34,2023-01-01,500
p-4dc9b697f,2023-01-01,500
p-4f2252e54,2023-01-01,500
p-ce1861e78,2023-01-01,500
p-7c4349dba,2023-01-01,500
p-e226964b3,2023-01-01,500
p-77fd1d979,2023-01-01,500
p-62f16fe55,2023-01-01,500
p-6ce09a8b3,2023-01-01,500
p-db5486484,2023-01-01,500
p-c9db3a170,2023-01-01,500
p-51cbd3bcd,2023-01-01,500
p-47095deea,2023-01-01,500
p-88070a1d9,2023-01-01,500
p-69de9d213,2023-01-01,500
p-bd3e9fd98,2023-01-01,500
p-5718055a1,2023-01-01,500
p-dfd0ec5d7,2023-01-01,500
p-55905a304,2023-01-01,500
p-e1de2b5ed,2023-01-01,500
p-b44a0f042,2023-01-01,500
p-e1ee0e0ef,2023-01-01,500
p-77e43174f,2023-01-01,500
p-32ad24140,2023-01-01,500
p-b3b88b6b8,2023-01-01,500
p-9a7989994,2023-01-01,500
p-1b91b5069,2023-01-01,500
p-e716cc21c,2023-01-01,500
p-b324a56df,2023-01-01,500
p-c74a361cd,2023-01-01,500
p-ffffe6a8a,2023-01-01,500
p-0a67a49ae,2023-01-01,500
p-7dd0f69fd,2023-01-01,500
p-2ac5da02c,2023-01-01,500
p-cc1f9dc07,2023-01-01,500
p-f45c356e7,2023-01-01,500
p-957f693a9,2023-01-01,500
p-039789bbf,2023-01-01,500
p-8da234403,2023-01-01,500
p-ff6a670a1,2023-01-01,500
p-63c14eec5,2023-01-01,500
p-9e830a177,2023-01-01,500
p-2ee98339d,2023-01-01,500
p-89bff05d8,2023-01-01,500
p-04189c864,2023-01-01,500
p-2243d0bdf,2023-01-01,500
p-8bdaa83bb,2023-01-01,500
p-5e5995b66,2023-01-01,500
p-c4a5d16e1,2023-01-01,500
p-a83097e85,2023-01-01,500
p-cd312f8a7,2023-01-01,500
p-026eaa144,2023-01-01,500
p-eba41a203,2023-01-01,500
p-30e8dcff3,2023-01-01,500
p-3e81f6ea5,2023-01-01,500
p-a0c330436,2023-01-01,500
p-0634d5318,2023-01-01,500
p-8de7caf35,2023-01-01,500
p-799174bbe,2023-01-01,500
p-8d8938f12,2023-01-01,500
p-9c6042bd4,2023-01-01,500
p-9368731b3,2023-01-01,500
p-41ca2e3be,2023-01-01,500
p-e6d9be158,2023-01-01,500
p-2d7037541,2023-01-01,500
p-e1354240a,2023-01-01,500
p-940dd9922,2023-01-01,500
p-5d6d5b33d,2023-01-01,500
p-e8991be14,2023-01-01,500
p-d910577fa,2023-01-01,500
p-2f4ace4df,2023-01-01,500
p-8e72fcbff,2023-01-01,500
p-e6f74005c,2023-01-01,500
p-bb7a86cef,2023-01-01,500
p-05726e583,2023-01-01,500
p-70ec631d3,2023-01-01,500
p-2e5c4cbf8,2023-01-01,500
p-f837e4856,2023-01-01,500
p-db3409564,2023-01-01,500
p-3b6a11f10,2023-01-01,500
p-c7f22ed9b,2023-01-01,500
p-33e519930,2023-01-01,500
p-e8c621bcf,2023-01-01,500
p-8bf90a3ff,2023-01-01,500
p-be54cb432,2023-01-01,500
p-f103810ac,2023-01-01,500
p-0035b3f0a,2023-01-01,500
p-e91943d69,2023-01-01,500
p-84ac9969f,2023-01-01,500
p-ffe5dea3b,2023-01-01,500
p-96a7bc7d3,2023-01-01,500
p-825cab96e,2023-01-01,500
p-dd9a266c8,2023-01-01,500
p-42ce2ac3b,2023-01-01,500
p-64bc2fa2e,2023-01-01,500
p-e68e17475,2023-01-01,500
p-4e0326252,2023-01-01,500
p-792466ee5,2023-01-01,500
p-b9106ed17,2023-01-01,500
p-92f9a4d32,2023-01-01,500
p-35e9ab301,2023-01-01,500
p-3b7a6ff99,2023-01-01,500
p-33750c77f,2023-01-01,500
p-3df30bc20,2023-01-01,500
p-df2b66017,2023-01-01,500
p-8fd984176,2023-01-01,500
p-2072bff2d,2023-01-01,500
p-9e7653485,2023-01-01,500
p-509ba6c03,2023-01-01,500
p-92d800542,2023-01-01,500
p-ff69d4b9b,2023-01-01,500
p-e3ed4cfe0,2023-01-01,500
p-b802492e8,2023-01-01,500
p-8d7b1caf5,2023-01-01,500
p-f02a2c69d,2023-01-01,500
p-97c4aeb11,2023-01-01,500
p-d437b361f,2023-01-01,500
p-89903861b,2023-01-01,500
p-0b0448fc8,2023-01-01,500
p-51140157b,2023-01-01,500
p-d0175cd45,2023-01-01,500
p-d9f71bdd7,2023-01-01,500
p-8ac531a8a,2023-01-01,500
p-0b021ee54,2023-01-01,500
p-272da607b,2023-01-01,500
p-08e4b21c1,2023-01-01,500
p-fdd6229f8,2023-01-01,500
p-874f00a8f,2023-01-01,500
p-314c24601,2023-01-01,500
p-c5e2ca338,2023-01-01,500
p-e72201014,2023-01-01,500
p-f8ccea9b4,2023-01-01,500
p-e7da74585,2023-01-01,500
p-5b3e2b0aa,2023-01-01,500
p-b6da187fa,2023-01-01,500
p-fe20756b1,2023-01-01,500
p-2110adccd,2023-01-01,500
p-8ee8a5ff6,2023-01-01,500
p-3d4c6a153,2023-01-01,500
p-c337b5a98,2023-01-01,500
p-63d6e7777,2023-01-01,500
p-7edcb910f,2023-01-01,500
p-abca12834,2023-01-01,500
p-4545f407c,2023-01-01,500
p-d99b9da4e,2023-01-01,500
p-f96161812,2023-01-01,500
p-0954a3d0a,2023-01-01,500
p-781a69b33,2023-01-01,500
p-66eb1d48b,2023-01-01,500
p-385fd00d6,2023-01-01,500
p-bab8928d0,2023-01-01,500
p-17ad48d1f,2023-01-01,500
p-c83ef1c29,2023-01-01,500
p-7e0ff2166,2023-01-01,500
p-7097e118e,2023-01-01,500
p-ab536342b,2023-01-01,500
p-0777d7712,2023-01-01,500
p-b82e3c41c,2023-01-01,500
p-a9ffd22df,2023-01-01,500
p-a0c1e55f2,2023-01-01,500
p-597063059,2023-01-01,500
p-f71959931,2023-01-01,500
p-34a95418a,2023-01-01,500
p-78b74cef9,2023-01-01,500
p-b536ce020,2023-01-01,500
p-bfaf75951,2023-01-01,500
p-091102c26,2023-01-01,500
p-b4402b2d0,2023-01-01,500
p-208f28b19,2023-01-01,500
p-d07a9f269,2023-01-01,500
p-0c00017d3,2023-01-01,500
p-d3da2a46e,2023-01-01,500
p-ecbcbe514,2023-01-01,500
p-02e343be2,2023-01-01,500
p-714a582d3,2023-01-01,500
p-5b65936fd,2023-01-01,500
p-f2d49cbfd,2023-01-01,500
p-2c3d97161,2023-01-01,500
p-59a9529e2,2023-01-01,500
p-8a47cf23c,2023-01-01,500
p-a8eb8e7b1,2023-01-01,500
p-3f79fc47e,2023-01-01,500
p-14ed5c3d2,2023-01-01,500
p-e369da963,2023-01-01,500
p-953bb883f,2023-01-01,500
p-0488666e0,2023-01-01,500
p-71a1e5dd2,2023-01-01,500
p-445a0e692,2023-01-01,500
p-ccd5cb82c,2023-01-01,500
p-3ec9e6684,2023-01-01,500
p-a4a64b09f,2023-01-01,500
p-2d8446606,2023-01-01,500
p-2ba399112,2023-01-01,500
p-d9c0bdb1c,2023-01-01,500
p-534439255,2023-01-01,500
p-b6b0f643f,2023-01-01,500
p-c64fa22b3,2023-01-01,500
p-1b52b3493,2023-01-01,500
p-6fe9388d6,2023-01-01,500
p-7095ca41c,2023-01-01,500
p-1b05a0d93,2023-01-01,500
p-d38a93090,2023-01-01,500
p-298e6bca1,2023-01-01,500
p-0757c76fd,2023-01-01,500
p-d10dc60c4,2023-01-01,500
p-e36d946cf,2023-01-01,500
p-ec1fc185c,2023-01-01,500
p-0e51f8fb7,2023-01-01,500
p-ff619a201,2023-01-01,500
p-9d266c616,2023-01-01,500
p-7732455a7,2023-01-01,500
p-bfa64901a,2023-01-01,500
p-5b9b6a1c7,2023-01-01,500
p-6db13fe33,2023-01-01,500
p-0bbfdb201,2023-01-01,500
p-edd3dfe47,2023-01-01,500
p-8461019f4,2023-01-01,500
p-9f3cf6da2,2023-01-01,500
p-d994bdbfd,2023-01-01,500
p-a618e8277,2023-01-01,500
p-dcfc4ed3c,2023-01-01,500
p-d88f041a4,2023-01-01,500
p-a5722f6ef,2023-01-01,500
p-d6a29574e,2023-01-01,500
p-2355ddfa4,2023-01-01,500
p-8eb0b97df,2023-01-01,500
p-d5635bca2,2023-01-01,500
p-e139bc569,2023-01-01,500
p-ab1ceab0a,2023-01-01,500
p-9ae807488,2023-01-01,500
p-b22d0d4d7,2023-01-01,500
p-6a1887adb,2023-01-01,500
p-43ae983e2,2023-01-01,500
p-aa8319de6,2023-01-01,500
p-0279d6db9,2023-01-01,500
p-2f7719f1b,2023-01-01,500
p-bd65b47a2,2023-01-01,500
p-86a0f53a6,2023-01-01,500
p-a450cdaba,2023-01-01,500
p-c1ea66176,2023-01-01,500
p-8a0e324ce,2023-01-01,500
p-9f0515ff7,2023-01-01,500
p-3950efe4d,2023-01-01,500
p-e676204a2,2023-01-01,500
p-7b1c752b6,2023-01-01,500
p-9b453ee73,2023-01-01,500
p-ae6c69a2b,2023-01-01,500
p-d111ba443,2023-01-01,500
p-d0885324e,2023-01-01,500
p-e704cae4f,2023-01-01,500
p-c064b1b55,2023-01-01,500
p-13c4cd73f,2023-01-01,500
p-4de3d41c8,2023-01-01,500
p-ffd27c083,2023-01-01,500
p-3180cb515,2023-01-01,500
p-47aee8e81,2023-01-01,500
p-8d7b5143b,2023-01-01,500
p-7a0432424,2023-01-01,500
p-15ba1fbfc,2023-01-01,500
p-140a449f6,2023-01-01,500
p-3cc890e1b,2023-01-01,500
p-1aaa47856,2023-01-01,500
p-223d2c638,2023-01-01,500
p-7750a032c,2023-01-01,500
p-9a25ed31b,2023-01-01,500
p-bfe1c54b1,2023-01-01,500
p-6419505a2,2023-01-01,500
p-86b6485bf,2023-01-01,500
p-cba26f58c,2023-01-01,500
p-111360ba3,2023-01-01,500
p-96fef5cb3,2023-01-01,500
p-d401e4ddb,2023-01-01,500
p-0116f4e31,2023-01-01,500
p-6af46aa86,2023-01-01,500
p-4146abf6a,2023-01-01,500
p-6c87475c6,2023-01-01,500
p-588165332,2023-01-01,500
p-42e498f0f,2023-01-01,500
p-caac3ede4,2023-01-01,500
p-1678a870a,2023-01-01,500
p-99d55c4b8,2023-01-01,500
p-067f51110,2023-01-01,500
p-55d4c5622,2023-01-01,500
p-4aa286130,2023-01-01,500
p-36de0ebe2,2023-01-01,500
p-f73183b20,2023-01-01,500
p-4850783d2,2023-01-01,500
p-5f1ce5b71,2023-01-01,500
p-99c148978,2023-01-01,500
p-6e9cc4da0,2023-01-01,500
p-0ba6a9779,2023-01-01,500
p-6d6b5d2b2,2023-01-01,500
p-fe527b32d,2023-01-01,500
p-167d5eb85,2023-01-01,500
p-d93981039,2023-01-01,500
p-b91cdba32,2023-01-01,500
p-c3dd11c5e,2023-01-01,500
p-8f27bdc55,2023-01-01,500
p-6d4d97d46,2023-01-01,500
p-aab5d4523,2023-01-01,500
p-fc2f3d902,2023-01-01,500
p-59ddabb31,2023-01-01,500
p-ed2c75e5c,2023-01-01,500
p-0bba1af88,2023-01-01,500
p-86764a9a8,2023-01-01,500
p-48c91c561,2023-01-01,500
p-e73141bf9,2023-01-01,500
p-83ae08be9,2023-01-01,500
p-ee3bd5d07,2023-01-01,500
p-38b1af9d8,2023-01-01,500
p-bbd93cce6,2023-01-01,500
p-4db278e26,2023-01-01,500
p-5e76ba99e,2023-01-01,500
p-9741711a1,2023-01-01,500
p-72a5daed0,2023-01-01,500
p-8b1edbbc9,2023-01-01,500
p-f92924549,2023-01-01,500
p-818df9fb2,2023-01-01,500
p-46215593e,2023-01-01,500
p-9ab5ef1ce,2023-01-01,500
p-6b38017c3,2023-01-01,500
p-6abc62394,2023-01-01,500
p-9ef033131,2023-01-01,500
p-d3b005d6b,2023-01-01,500
p-01e177a84,2023-01-01,500
p-c9ec3ad60,2023-01-01,500
p-867391667,2023-01-01,500
p-6a0a959f4,2023-01-01,500
p-dfb4e060e,2023-01-01,500
p-67bd468e9,2023-01-01,500
p-d12012510,2023-01-01,500
p-24514a4d0,2023-01-01,500
p-01e009237,2023-01-01,500
p-9e0ff7ba7,2023-01-01,500
p-7bf15d00c,2023-01-01,500
p-60255669b,2023-01-01,500
p-541998d96,2023-01-01,500
p-74d230d59,2023-01-01,500
p-7f6b31326,2023-01-01,500
p-7f13c64b0,2023-01-01,500
p-3f54e501e,2023-01-01,500
p-c2901f176,2023-01-01,500
p-d2f1750af,2023-01-01,500
p-adc0e413b,2023-01-01,500
p-c5e13680a,2023-01-01,500
p-643e52d2a,2023-01-01,500
p-33642c77c,2023-01-01,500
p-2bc4ab17c,2023-01-01,500
p-9f520e208,2023-01-01,500
p-a74991a15,2023-01-01,500
p-0ca81ab48,2023-01-01,500
p-a3f25268f,2023-01-01,500
p-1c0ec1a1c,2023-01-01,500
p-f73f8d939,2023-01-01,500
p-ff9fcde99,2023-01-01,500
p-dcf6aa0ed,2023-01-01,500
p-d26d5c88f,2023-01-01,500
p-4676001e3,2023-01-01,500
p-66161bff8,2023-01-01,500
p-b8687177e,2023-01-01,500
p-530e6789e,2023-01-01,500
p-56badebc6,2023-01-01,500
p-06f966b2d,2023-01-01,500
p-aa5388381,2023-01-01,500
p-30acb00b1,2023-01-01,500
p-e013abfd5,2023-01-01,500
p-1c34c1bab,2023-01-01,500
p-8ca4a4575,2023-01-01,500
p-6d88e0e18,2023-01-01,500
p-d316a1c85,2023-01-01,500
p-aee84242a,2023-01-01,500
p-cd8abd4a5,2023-01-01,500
p-4b28ef2eb,2023-01-01,500
p-2aeb2be45,2023-01-01,500
p-7083b11e3,2023-01-01,500
p-32885b22f,2023-01-01,500
p-4146a0547,2023-01-01,500
p-5cbfea0cb,2023-01-01,500
p-16dd1be64,2023-01-01,500
p-5e145418e,2023-01-01,500
p-b8ecb2447,2023-01-01,500
p-11cb0999f,2023-01-01,500
p-76026398e,2023-01-01,500
p-7bbc9d898,2023-01-01,500
p-9a7915e79,2023-01-01,500
p-233b30aa4,2023-01-01,500
p-f73a27c32,2023-01-01,500
p-01da5d5fb,2023-01-01,500
p-946c2b259,2023-01-01,500
p-177ce5f66,2023-01-01,500
p-1a6726d99,2023-01-01,500
p-4f751ff9e,2023-01-01,500
p-7455c16ed,2023-01-01,500
p-e1defaf58,2023-01-01,500
p-32b7c41bf,2023-01-01,500
p-6c540d8bf,2023-01-01,500
p-ae029d723,2023-01-01,500
p-bb493292c,2023-01-01,500
p-88ca7b9f4,2023-01-01,500
p-785506bf2,2023-01-01,500
p-8acdf9961,2023-01-01,500
p-a39453ee8,2023-01-01,500
p-dd292e132,2023-01-01,500
p-f2bad4126,2023-01-01,500
p-b420c6960,2023-01-01,500
p-7826ebc0d,2023-01-01,500
p-e33fc7654,2023-01-01,500
p-8728aa269,2023-01-01,500
p-79af9ea0a,2023-01-01,500
p-4f200b5a1,2023-01-01,500
p-63fdf2a6a,2023-01-01,500
p-4325ebc59,2023-01-01,500
p-5d28bf236,2023-01-01,500
p-6f7dc25e5,2023-01-01,500
p-70d2ce266,2023-01-01,500
p-0b4bba590,2023-01-01,500
p-400458589,2023-01-01,500
p-cd1230c26,2023-01-01,500
p-19351cfd3,2023-01-01,500
p-4d92acf7c,2023-01-01,500
p-552610c74,2023-01-01,500
p-c3592aae6,2023-01-01,500
p-7b23e42ea,2023-01-01,500
p-de973e709,2023-01-01,500
p-a54d54b81,2023-01-01,500
p-bc281dbb7,2023-01-01,500
p-6ea526e03,2023-01-01,500
p-57de21604,2023-01-01,500
p-b40ccfeda,2023-01-01,500
p-3804753d7,2023-01-01,500
p-f367bf598,2023-01-01,500
p-a02ca4cea,2023-01-01,500
p-30a7776ef,2023-01-01,500
p-c3f7d7756,2023-01-01,500
p-af89cd5b8,2023-01-01,500
p-f0a5aceee,2023-01-01,500
p-d30afe7be,2023-01-01,500
p-53c55e477,2023-01-01,500
p-f8af7867a,2023-01-01,500
p-cb99b2df7,2023-01-01,500
p-b6f3438e2,2023-01-01,500
p-c91cda23b,2023-01-01,500
p-d0bad2a41,2023-01-01,500
p-ae73e99aa,2023-01-01,500
p-47607f494,2023-01-01,500
p-a9a8b5069,2023-01-01,500
p-7b6e1f221,2023-01-01,500
p-824359562,2023-01-01,500
p-dfafebb08,2023-01-01,500
p-371973529,2023-01-01,500
p-b5143a0e6,2023-01-01,500
p-aa58ff8e5,2023-01-01,500
p-3abe6b627,2023-01-01,500
p-6cd12ea02,2023-01-01,500
p-ffbb3730c,2023-01-01,500
p-41b3b620c,2023-01-01,500
p-d02526aa0,2023-01-01,500
p-bd1866eea,2023-01-01,500
p-98a2eb94e,2023-01-01,500
p-1259e1145,2023-01-01,500
p-183c82c96,2023-01-01,500
p-566c6059c,2023-01-01,500
p-0a31fe6d1,2023-01-01,500
p-cb7d22b57,2023-01-01,500
p-60a9f2009,2023-01-01,500
p-a09cf9910,2023-01-01,500
p-7a2da2e52,2023-01-01,500
p-a41b4706d,2023-01-01,500
p-8751079ad,2023-01-01,500
p-50066108b,2023-01-01,500
p-5409253cc,2023-02-01,500
p-0cc3eea79,2023-02-01,500
p-a9fdac412,2023-02-01,500
p-c53d2e0e2,2023-02-01,500
p-d1ddb5a4f,2023-02-01,500
p-7093528a0,2023-02-01,500
p-974a03785,2023-02-01,500
p-3180cb515,2023-02-01,500
p-0b10511dc,2023-02-01,500
p-66161bff8,2023-02-01,500
p-ff3a56da5,2023-02-01,500
p-07f5a7950,2023-02-01,500
p-63f81c452,2023-02-01,500
p-4cd2b6bb1,2023-02-01,500
p-191902b3f,2023-02-01,500
p-c0628b7b2,2023-02-01,500
p-b0154cda6,2023-02-01,500
p-7b1c752b6,2023-02-01,500
p-58370af2e,2023-02-01,500
p-b2e2f2d43,2023-02-01,500
p-78cf28c53,2023-02-01,500
p-d6b0937ae,2023-02-01,500
p-9e0b61fdb,2023-02-01,500
p-6e347d587,2023-02-01,500
p-88eff2f48,2023-02-01,500
p-605da891b,2023-02-01,500
p-9070666f4,2023-02-01,500
p-7cf2214f8,2023-02-01,500
p-0b7e16d1e,2023-02-01,500
p-70d11d0d6,2023-02-01,500
p-c88492dd8,2023-02-01,500
p-11ec84f1d,2023-02-01,500
p-29ef8e5bc,2023-02-01,500
p-015a56393,2023-02-01,500
p-e338b6d34,2023-02-01,500
p-ff14857ee,2023-02-01,500
p-3127b87b2,2023-02-01,500
p-e28956e11,2023-02-01,500
p-9c66887d4,2023-02-01,500
p-75456e386,2023-02-01,500
p-2e758040f,2023-02-01,500
p-1b5f231f7,2023-02-01,500
p-89cc94656,2023-02-01,500
p-b42690812,2023-02-01,500
p-693909c68,2023-02-01,500
p-e51646a4e,2023-02-01,500
p-721c5f4fc,2023-02-01,500
p-d1dd41b42,2023-02-01,500
p-6eb19ffb1,2023-02-01,500
p-d0885324e,2023-02-01,500
p-868cf0646,2023-02-01,500
p-e41f885e1,2023-02-01,500
p-838710bfd,2023-02-01,500
p-00209d8b1,2023-02-01,500
p-3dfe96faf,2023-02-01,500
p-aaefaba2f,2023-02-01,500
p-c85f76f9b,2023-02-01,500
p-92d8ac78c,2023-02-01,500
p-319b2ca0a,2023-02-01,500
p-854713d1b,2023-02-01,500
p-3bdde1eac,2023-02-01,500
p-1d8c38895,2023-02-01,500
p-f6e031a4a,2023-02-01,500
p-85a55b2de,2023-02-01,500
p-58e034f36,2023-02-01,500
p-c84f3ee10,2023-02-01,500
p-41a271c24,2023-02-01,500
p-33d8227e6,2023-02-01,500
p-d3027bfd5,2023-02-01,500
p-a843e1fe1,2023-02-01,500
p-cb192d52b,2023-02-01,500
p-0cf022259,2023-02-01,500
p-781cf3788,2023-02-01,500
p-20d97de4b,2023-02-01,500
p-7d7935779,2023-02-01,500
p-2c6cad997,2023-02-01,500
p-ccdc55a55,2023-02-01,500
p-262d0987e,2023-02-01,500
p-dd3f328b6,2023-02-01,500
p-da21bfa40,2023-02-01,500
p-5c4fa3b86,2023-02-01,500
p-fe5dc2955,2023-02-01,500
p-036929d7c,2023-02-01,500
p-4891ddbee,2023-02-01,500
p-cb063dfa2,2023-02-01,500
p-75b3e1ab1,2023-02-01,500
p-2f6fcdbe9,2023-02-01,500
p-8334356b2,2023-02-01,500
p-d51e46462,2023-02-01,500
p-d3b59c80a,2023-02-01,500
p-7fa5007b7,2023-02-01,500
p-ac4b67314,2023-02-01,500
p-b9941897b,2023-02-01,500
p-4349df50b,2023-02-01,500
p-05932f86a,2023-02-01,500
p-f25d0df73,2023-02-01,500
p-4eea1ac19,2023-02-01,500
p-43db98285,2023-02-01,500
p-325f04e77,2023-02-01,500
p-667cd870c,2023-02-01,500
p-5bc89d12f,2023-02-01,500
p-5b7d140b5,2023-02-01,500
p-fd107954a,2023-02-01,500
p-bfb172791,2023-02-01,500
p-0ac4536d4,2023-02-01,500
p-9ab5ef1ce,2023-02-01,500
p-656a5ceb9,2023-02-01,500
p-bc382fb94,2023-02-01,500
p-aad0431d7,2023-02-01,500
p-4daf9daf6,2023-02-01,500
p-424e458d4,2023-02-01,500
p-bbb2f71c7,2023-02-01,500
p-6416f5e17,2023-02-01,500
p-5754319ff,2023-02-01,500
p-c706d2454,2023-02-01,500
p-c69f8d91a,2023-02-01,500
p-a2938baf4,2023-02-01,500
p-a2eb56d66,2023-02-01,500
p-05ea38a29,2023-02-01,500
p-c05c62f02,2023-02-01,500
p-e206fac43,2023-02-01,500
p-6eeed3a50,2023-02-01,500
p-3418c2cd3,2023-02-01,500
p-64699aa45,2023-02-01,500
p-9238105c5,2023-02-01,500
p-c0ebe2b6d,2023-02-01,500
p-e26dd4c29,2023-02-01,500
p-6ca32de7a,2023-02-01,500
p-ff81bbbf4,2023-02-01,500
p-781dcd6f0,2023-02-01,500
p-ca1ff5a6e,2023-02-01,500
p-2fb2f8975,2023-02-01,500
p-4799ae007,2023-02-01,500
p-dbe8d7b9f,2023-02-01,500
p-7fef6633c,2023-02-01,500
p-fe943f54d,2023-02-01,500
p-251f76526,2023-02-01,500
p-8a599242f,2023-02-01,500
p-b43b798d9,2023-02-01,500
p-d3f7e1aa3,2023-02-01,500
p-0ad089bf6,2023-02-01,500
p-8ce6fa8f5,2023-02-01,500
p-69a4c74b9,2023-02-01,500
p-fe8f253a9,2023-02-01,500
p-9ef8188f2,2023-02-01,500
p-c6819e45f,2023-02-01,500
p-d8ba0dadb,2023-02-01,500
p-2b1d2c1e5,2023-02-01,500
p-4a5e7253d,2023-02-01,500
p-b40ccfeda,2023-02-01,500
p-0e1bb440b,2023-02-01,500
p-333c7198f,2023-02-01,500
p-b0643e6a4,2023-02-01,500
p-ff7fe1331,2023-02-01,500
p-e356dafef,2023-02-01,500
p-f42a699c2,2023-02-01,500
p-7437afcbb,2023-02-01,500
p-926b89398,2023-02-01,500
p-e89d03f11,2023-02-01,500
p-29409095c,2023-02-01,500
p-5e04c664d,2023-02-01,500
p-9334c247b,2023-02-01,500
p-c8016d5de,2023-02-01,500
p-25c6236c8,2023-02-01,500
p-252bdf42c,2023-02-01,500
p-3c4907536,2023-02-01,500
p-e62188654,2023-02-01,500
p-de5132fce,2023-02-01,500
p-3a1e8f6fa,2023-02-01,500
p-66525a91f,2023-02-01,500
p-349fae13f,2023-02-01,500
p-924254603,2023-02-01,500
p-3d3a870f4,2023-02-01,500
p-f16f2b15f,2023-02-01,500
p-8278901ed,2023-02-01,500
p-6db13fe33,2023-02-01,500
p-c9b32b4f7,2023-02-01,500
p-1ed5d58e0,2023-02-01,500
p-5ff2ec605,2023-02-01,500
p-ab5e933b6,2023-02-01,500
p-bfa64901a,2023-02-01,500
p-af736ddc9,2023-02-01,500
p-597063059,2023-02-01,500
p-cd6555e00,2023-02-01,500
p-9f520e208,2023-02-01,500
p-80c5a7a5f,2023-02-01,500
p-e21f744cc,2023-02-01,500
p-da2111512,2023-02-01,500
p-086bcdce9,2023-02-01,500
p-8edbfccca,2023-02-01,500
p-abdbbebae,2023-02-01,500
p-d7f11aa68,2023-02-01,500
p-672a45fb0,2023-02-01,500
p-4cd8ef746,2023-02-01,500
p-38ce50647,2023-02-01,500
p-a7327b79c,2023-02-01,500
p-aa6ad8a77,2023-02-01,500
p-aa706cc01,2023-02-01,500
p-a22dc7920,2023-02-01,500
p-42048ccc6,2023-02-01,500
p-012afe47f,2023-02-01,500
p-721e5a6ad,2023-02-01,500
p-351fa8a94,2023-02-01,500
p-b4087e82d,2023-02-01,500
p-c65fb166f,2023-02-01,500
p-daaffc293,2023-02-01,500
p-559d6da18,2023-02-01,500
p-da795ccea,2023-02-01,500
p-ced344a12,2023-02-01,500
p-edb73b9ea,2023-02-01,500
p-15ffa6e3a,2023-02-01,500
p-69bc9d777,2023-02-01,500
p-61e01ebc7,2023-02-01,500
p-3918e951c,2023-02-01,500
p-3717bfcff,2023-02-01,500
p-99d35dc70,2023-02-01,500
p-bdc754c53,2023-02-01,500
p-1d970c3a6,2023-02-01,500
p-7bdfe4469,2023-02-01,500
p-f78b64a2a,2023-02-01,500
p-90a8fbed2,2023-02-01,500
p-7814aedb9,2023-02-01,500
p-bc00fb24b,2023-02-01,500
p-218fbd509,2023-02-01,500
p-0224de42f,2023-02-01,500
p-6cd17f247,2023-02-01,500
p-a541af98f,2023-02-01,500
p-7d7d6299d,2023-02-01,500
p-c0092f628,2023-02-01,500
p-b0b5923a5,2023-02-01,500
p-18cc1f8fc,2023-02-01,500
p-abfb57708,2023-02-01,500
p-655d8db21,2023-02-01,500
p-d4e5aebfb,2023-02-01,500
p-0b6571afe,2023-02-01,500
p-11b81d715,2023-02-01,500
p-353205887,2023-02-01,500
p-87ac71fe5,2023-02-01,500
p-8a5ec7374,2023-02-01,500
p-794c86cb4,2023-02-01,500
p-ddc755367,2023-02-01,500
p-c8d5ba340,2023-02-01,500
p-bfb9b482a,2023-02-01,500
p-b95f807ee,2023-02-01,500
p-ebd75656c,2023-02-01,500
p-3a8e06415,2023-02-01,500
p-9542d5721,2023-02-01,500
p-272da607b,2023-02-01,500
p-4c02d44fe,2023-02-01,500
p-c4af41db6,2023-02-01,500
p-a1dfe583b,2023-02-01,500
p-f0451a669,2023-02-01,500
p-b5598e7dd,2023-02-01,500
p-386d09293,2023-02-01,500
p-ee08afc39,2023-02-01,500
p-7bcb2147e,2023-02-01,500
p-141bd55d6,2023-02-01,500
p-d00977d68,2023-02-01,500
p-c94ae23b3,2023-02-01,500
p-a23a0c90a,2023-02-01,500
p-6f7b07c0e,2023-02-01,500
p-9f8088e82,2023-02-01,500
p-d3637ddc1,2023-02-01,500
p-e387b6d64,2023-02-01,500
p-bb7ceb8c9,2023-02-01,500
p-e4b043a2e,2023-02-01,500
p-c0a2b1941,2023-02-01,500
p-311d52988,2023-02-01,500
p-08af7b30d,2023-02-01,500
p-1b9fb7dcc,2023-02-01,500
p-2552c3570,2023-02-01,500
p-95f42ab6b,2023-02-01,500
p-dad43a669,2023-02-01,500
p-9cd25d776,2023-02-01,500
p-745c3fafb,2023-02-01,500
p-a3e50ecb0,2023-02-01,500
p-19519180b,2023-02-01,500
p-612ce5286,2023-02-01,500
p-88224496a,2023-02-01,500
p-9090ec2ce,2023-02-01,500
p-260f65c95,2023-02-01,500
p-51263d8a6,2023-02-01,500
p-6cf4f29db,2023-02-01,500
p-178dd0ea1,2023-02-01,500
p-09406d560,2023-02-01,500
p-e1e37e6fc,2023-02-01,500
p-c002156f6,2023-02-01,500
p-fc74ca3f0,2023-02-01,500
p-edccdce43,2023-02-01,500
p-50aa2faad,2023-02-01,500
p-54a431772,2023-02-01,500
p-35d43c2d7,2023-02-01,500
p-d09818491,2023-02-01,500
p-f5ae148d0,2023-02-01,500
p-841003f9e,2023-02-01,500
p-2b9d74e19,2023-02-01,500
p-6ac26981b,2023-02-01,500
p-d7426047d,2023-02-01,500
p-b5a642e65,2023-02-01,500
p-ff65595de,2023-02-01,500
p-9132c9c61,2023-02-01,500
p-4da9beea7,2023-02-01,500
p-441121cc8,2023-02-01,500
p-64422aba9,2023-02-01,500
p-08772e6ca,2023-02-01,500
p-0f3819987,2023-02-01,500
p-ffd8eb153,2023-02-01,500
p-9a94a9a45,2023-02-01,500
p-f83729627,2023-02-01,500
p-bf6e2dff4,2023-02-01,500
p-a54d54b81,2023-02-01,500
p-ddcd566c8,2023-02-01,500
p-ede2729b8,2023-02-01,500
p-875b7671a,2023-02-01,500
p-ddc784e13,2023-02-01,500
p-b9106ed17,2023-02-01,500
p-fa93ef926,2023-02-01,500
p-c1fa1899c,2023-02-01,500
p-22531d9db,2023-02-01,500
p-5ef698e6e,2023-02-01,500
p-0ca857004,2023-02-01,500
p-9637510aa,2023-02-01,500
p-545b0c281,2023-02-01,500
p-2377aabd2,2023-02-01,500
p-99d479aaf,2023-02-01,500
p-586d7d45a,2023-02-01,500
p-9b256da40,2023-02-01,500
p-66d2ecd71,2023-02-01,500
p-bad032202,2023-02-01,500
p-4ce0ec035,2023-02-01,500
p-80c8c4233,2023-02-01,500
p-b0842dc7e,2023-02-01,500
p-82e3bcd02,2023-02-01,500
p-687c9c737,2023-02-01,500
p-d4cd95223,2023-02-01,500
p-0adb2cceb,2023-02-01,500
p-b78cb5d79,2023-02-01,500
p-2434df276,2023-02-01,500
p-622882759,2023-02-01,500
p-04645008f,2023-02-01,500
p-3183d26c5,2023-02-01,500
p-f318d3803,2023-02-01,500
p-b3cca1a14,2023-02-01,500
p-0db7263f5,2023-02-01,500
p-29988e51d,2023-02-01,500
p-b7a683a36,2023-02-01,500
p-af50f92be,2023-02-01,500
p-0bfec52b0,2023-02-01,500
p-75725ce45,2023-02-01,500
p-faacf9662,2023-02-01,500
p-002cd12fc,2023-02-01,500
p-7228f8459,2023-02-01,500
p-5d28bf236,2023-02-01,500
p-da4e2d400,2023-02-01,500
p-cc7ad20f8,2023-02-01,500
p-31d46015f,2023-02-01,500
p-1677d04c1,2023-02-01,500
p-3fe59b1df,2023-02-01,500
p-707bd2a8f,2023-02-01,500
p-af003f4ae,2023-02-01,500
p-feba52ecc,2023-02-01,500
p-8c5a8ca65,2023-02-01,500
p-c4596e82c,2023-02-01,500
p-8751079ad,2023-02-01,500
p-189d7f8f7,2023-02-01,500
p-9b5d2057f,2023-02-01,500
p-078886dc5,2023-02-01,500
p-c8d6b1ab2,2023-02-01,500
p-276732495,2023-02-01,500
p-32f2dc048,2023-02-01,500
p-3e804f137,2023-02-01,500
p-0ba2040a4,2023-02-01,500
p-18ef0fd06,2023-02-01,500
p-4ccd751e5,2023-02-01,500
p-f86e07b93,2023-02-01,500
p-b4b4ac41e,2023-02-01,500
p-972ebd381,2023-02-01,500
p-caa0cde22,2023-02-01,500
p-fd79493f7,2023-02-01,500
p-d1e37d6e5,2023-02-01,500
p-8178c48f2,2023-02-01,500
p-b145459b0,2023-02-01,500
p-7d7b9d9a1,2023-02-01,500
p-2b60d39fc,2023-02-01,500
p-aae80d46e,2023-02-01,500
p-183b7b9e6,2023-02-01,500
p-7aaa1c4d4,2023-02-01,500
p-3f3f4d684,2023-02-01,500
p-3263e6e43,2023-02-01,500
p-742a59fe0,2023-02-01,500
p-a01044908,2023-02-01,500
p-a7a6ffdce,2023-02-01,500
p-3dabf7a53,2023-02-01,500
p-132414065,2023-02-01,500
p-9bec0237c,2023-02-01,500
p-c10d199c0,2023-02-01,500
p-6a940ccfc,2023-02-01,500
p-0d7acce53,2023-02-01,500
p-8b16ad290,2023-02-01,500
p-6373a06f2,2023-02-01,500
p-2b36dd68b,2023-02-01,500
p-ac9fbd862,2023-02-01,500
p-402192cb0,2023-02-01,500
p-8b8043c67,2023-02-01,500
p-a5b056110,2023-02-01,500
p-ac295c039,2023-02-01,500
p-96b496dd6,2023-02-01,500
p-00b4dd7d2,2023-02-01,500
p-7614426be,2023-02-01,500
p-51184f8df,2023-02-01,500
p-d24666c9c,2023-02-01,500
p-b49e64f47,2023-02-01,500
p-40bd517f7,2023-02-01,500
p-0217aa250,2023-02-01,500
p-c8ef0efa3,2023-02-01,500
p-6e70f4a41,2023-02-01,500
p-84dc73220,2023-02-01,500
p-da9a8f29b,2023-02-01,500
p-38b1af9d8,2023-02-01,500
p-8be6f8d21,2023-02-01,500
p-a22eba271,2023-02-01,500
p-26e4bd5e4,2023-02-01,500
p-b82d264bb,2023-02-01,500
p-1817a3eb8,2023-02-01,500
p-4548b76a4,2023-02-01,500
p-c579527d7,2023-02-01,500
p-6506ae8fa,2023-02-01,500
p-febbf9c4a,2023-02-01,500
p-7a6007471,2023-02-01,500
p-586eaf14c,2023-02-01,500
p-5e5995b66,2023-02-01,500
p-c4ca3b941,2023-02-01,500
p-196442456,2023-02-01,500
p-f8d659aa5,2023-02-01,500
p-f204f95a6,2023-02-01,500
p-f439afd87,2023-02-01,500
p-154ecbc8f,2023-02-01,500
p-c6d08f43e,2023-02-01,500
p-51f78c6ac,2023-02-01,500
p-86a0f53a6,2023-02-01,500
p-5982358ec,2023-02-01,500
p-40a2cf353,2023-02-01,500
p-1ef0aeee2,2023-02-01,500
p-4e2c73448,2023-02-01,500
p-e879c8fe3,2023-02-01,500
p-04dd2097e,2023-02-01,500
p-d702172a3,2023-02-01,500
p-bedae0078,2023-02-01,500
p-dc78af767,2023-02-01,500
p-853706dbc,2023-02-01,500
p-d849c4767,2023-02-01,500
p-3dee00683,2023-02-01,500
p-2a9929f3a,2023-02-01,500
p-795fa3bd2,2023-02-01,500
p-4e8c3969f,2023-02-01,500
p-231bc5a1f,2023-02-01,500
p-85f824446,2023-02-01,500
p-c540de114,2023-02-01,500
p-828669742,2023-02-01,500
p-e4d9e6e51,2023-02-01,500
p-426a28551,2023-02-01,500
p-6551015a1,2023-02-01,500
p-7a58a6ac1,2023-02-01,500
p-4ffa8c51d,2023-02-01,500
p-31cc412fe,2023-02-01,500
p-d2aac6b05,2023-02-01,500
p-ede800806,2023-02-01,500
p-1581def8b,2023-02-01,500
p-f6ac9a98c,2023-02-01,500
p-09a16ca48,2023-02-01,500
p-9dd6059fe,2023-02-01,500
p-2c30e03e1,2023-02-01,500
p-5aeabb5a9,2023-02-01,500
p-f9d88fd67,2023-02-01,500
p-4ec146720,2023-02-01,500
p-199ae26d6,2023-02-01,500
p-c911c662a,2023-02-01,500
p-1b4d1f1ec,2023-02-01,500
p-aaebdcda1,2023-02-01,500
p-15c19da5c,2023-02-01,500
p-24ce1aab1,2023-02-01,500
p-14ad126c9,2023-02-01,500
p-8b7d5a8ec,2023-02-01,500
p-fee56004e,2023-02-01,500
p-19e31be62,2023-02-01,500
p-fd53686bb,2023-02-01,500
p-cfb815069,2023-02-01,500
p-de7c818d5,2023-02-01,500
p-69bf0637c,2023-02-01,500
p-63d666eed,2023-02-01,500
p-723edbdd2,2023-02-01,500
p-1f40b3e82,2023-02-01,500
p-70206d306,2023-02-01,500
p-f4a45bb2c,2023-02-01,500
p-b3b88b6b8,2023-02-01,500
p-186162842,2023-02-01,500
p-4726f4f1e,2023-02-01,500
p-a04a02354,2023-02-01,500
p-66e207cbe,2023-02-01,500
p-8c5ebb52b,2023-02-01,500
p-42e9b52f0,2023-02-01,500
p-3e5979ccc,2023-02-01,500
p-60dddb67f,2023-02-01,500
p-1459cd1ef,2023-02-01,500
p-ad873ed26,2023-02-01,500
p-e3c7f319b,2023-02-01,500
p-5dee497f1,2023-02-01,500
p-369202760,2023-02-01,500
p-8473bb058,2023-02-01,500
p-b61d49ab4,2023-02-01,500
p-afb50a841,2023-02-01,500
p-3c3f7c892,2023-02-01,500
p-c8a0dffc6,2023-02-01,500
p-bef77258a,2023-02-01,500
p-d316a1c85,2023-02-01,500
p-46b29fb46,2023-02-01,500
p-d381af380,2023-02-01,500
p-f32ae427c,2023-02-01,500
p-b2b22031e,2023-02-01,500
p-bc2635b4b,2023-02-01,500
p-dca76ad18,2023-02-01,500
p-8ea946bee,2023-02-01,500
p-3cc6c4da6,2023-02-01,500
p-81b8b41bd,2023-02-01,500
p-88070a1d9,2023-02-01,500
p-6407b14ea,2023-02-01,500
p-ed4e577e7,2023-02-01,500
p-fd5ad92bf,2023-02-01,500
p-e1a163f13,2023-02-01,500
p-f4e98f6ab,2023-02-01,500
p-a8fcbf1ac,2023-02-01,500
p-d0bdd445d,2023-02-01,500
p-8fb39c326,2023-02-01,500
p-090451aa7,2023-02-01,500
p-a735d376c,2023-02-01,500
p-1f4a85b14,2023-02-01,500
p-d37e4df36,2023-02-01,500
p-d32689720,2023-02-01,500
p-56aaacac9,2023-02-01,500
p-6e8e6b958,2023-02-01,500
p-b9b3fe4b9,2023-02-01,500
p-6f168fa65,2023-02-01,500
p-3f5a42f06,2023-02-01,500
p-c9b97fb75,2023-02-01,500
p-57f261fbf,2023-02-01,500
p-af77d804e,2023-02-01,500
p-a26618666,2023-02-01,500
p-877817bbb,2023-02-01,500
p-4139f8067,2023-02-01,500
p-920cfe742,2023-02-01,500
p-3ea1f8a2f,2023-02-01,500
p-deb5e53db,2023-02-01,500
p-4d13785de,2023-02-01,500
p-a1f4d142c,2023-02-01,500
p-83ea61698,2023-02-01,500
p-076cc95de,2023-02-01,500
p-7452a2edc,2023-02-01,500
p-0b7ba3cb4,2023-02-01,500
p-f57ca52f0,2023-02-01,500
p-d17d69eb1,2023-02-01,500
p-a676ae99a,2023-02-01,500
p-8fcd08a1f,2023-02-01,500
p-8c7501e2d,2023-02-01,500
p-d98896546,2023-02-01,500
p-67677c22d,2023-02-01,500
p-52f83bdd6,2023-02-01,500
p-70e56feb2,2023-02-01,500
p-51a7725c1,2023-02-01,500
p-99b153b9f,2023-02-01,500
p-974a1558c,2023-02-01,500
p-f3763d06f,2023-02-01,500
p-028cd10e0,2023-02-01,500
p-c63241e09,2023-02-01,500
p-4a504f5e4,2023-02-01,500
p-db91fe5d8,2023-02-01,500
p-d25d07325,2023-02-01,500
p-bfa69bb42,2023-02-01,500
p-e786eaf69,2023-02-01,500
p-e10ae7618,2023-02-01,500
p-15dcb87b6,2023-02-01,500
p-7f00f8337,2023-02-01,500
p-e83fa3268,2023-02-01,500
p-b91cdba32,2023-02-01,500
p-fcc27817b,2023-02-01,500
p-60039afba,2023-02-01,500
p-a5ef41aab,2023-02-01,500
p-95f372100,2023-02-01,500
p-ab35f43c7,2023-02-01,500
p-fc0fba8c3,2023-02-01,500
p-c0bcdd442,2023-02-01,500
p-f547685be,2023-02-01,500
p-40149933c,2023-02-01,500
p-0d02f1f34,2023-02-01,500
p-640655b47,2023-02-01,500
p-fccb28b0c,2023-02-01,500
p-578a2c180,2023-02-01,500
p-6a2ebc46d,2023-02-01,500
p-f65338afe,2023-02-01,500
p-dd37cd92c,2023-02-01,500
p-ebf87a0c3,2023-02-01,500
p-6b7588e2b,2023-02-01,500
p-449e35abd,2023-02-01,500
p-0abe18fa8,2023-02-01,500
p-2c51728bc,2023-02-01,500
p-c8da1aefc,2023-02-01,500
p-ebe15a7cf,2023-02-01,500
p-8f076bbe2,2023-02-01,500
p-535136753,2023-02-01,500
p-0be344db6,2023-02-01,500
p-6b16515c3,2023-02-01,500
p-ab966b013,2023-02-01,500
p-aba23c7b3,2023-02-01,500
p-46ecfe6af,2023-02-01,500
p-5e38f98c4,2023-02-01,500
p-cdb447742,2023-02-01,500
p-f264c7795,2023-02-01,500
p-b8c61c88e,2023-02-01,500
p-0f16afd3a,2023-02-01,500
p-d5e67718b,2023-02-01,500
p-d970f9517,2023-02-01,500
p-a594f2be1,2023-02-01,500
p-03879fc2a,2023-02-01,500
p-8d879ce46,2023-02-01,500
p-ec7c25760,2023-02-01,500
p-8dd614d6c,2023-02-01,500
p-2dcc740a2,2023-02-01,500
p-e6a95ade3,2023-02-01,500
p-454c01bf0,2023-02-01,500
p-ff9cf5884,2023-02-01,500
p-81b79e3eb,2023-02-01,500
p-095ab6be8,2023-02-01,500
p-019b119d1,2023-02-01,500
p-513267085,2023-02-01,500
p-b4e79024e,2023-02-01,500
p-723f838cf,2023-02-01,500
p-db226b82b,2023-02-01,500
p-1238dbe45,2023-02-01,500
p-8b4329434,2023-02-01,500
p-00e5a99a1,2023-02-01,500
p-b2fb608ae,2023-02-01,500
p-05451d901,2023-02-01,500
p-35c58b1d8,2023-02-01,500
p-a00fbceb3,2023-02-01,500
p-37acf3589,2023-02-01,500
p-a35b6d7cc,2023-02-01,500
p-0cabd9ac6,2023-02-01,500
p-03d3201e8,2023-02-01,500
p-5f69a90fd,2023-02-01,500
p-b8dd5998b,2023-02-01,500
p-23de1bd78,2023-02-01,500
p-96ddffd95,2023-02-01,500
p-eeee8f8be,2023-02-01,500
p-6e73e2561,2023-02-01,500
p-0a4954e30,2023-02-01,500
p-12fc15138,2023-02-01,500
p-889ecf925,2023-02-01,500
p-5a9f66cc7,2023-02-01,500
p-4c31470bf,2023-02-01,500
p-39db30d37,2023-02-01,500
p-3b0069ca3,2023-02-01,500
p-8972b72f0,2023-02-01,500
p-5347231ad,2023-02-01,500
p-32f370100,2023-02-01,500
p-ed415509a,2023-02-01,500
p-93a7df5d6,2023-02-01,500
p-5e5b1a76c,2023-02-01,500
p-ce6e6fd45,2023-02-01,500
p-b78fe86d1,2023-02-01,500
p-c4dc7b524,2023-02-01,500
p-1757361c0,2023-02-01,500
p-9dad9f9c9,2023-02-01,500
p-a07516263,2023-02-01,500
p-212409c3c,2023-02-01,500
p-9ace073db,2023-02-01,500
p-715472299,2023-02-01,500
p-6474f5e21,2023-02-01,500
p-849b9d7cf,2023-02-01,500
p-3cd963055,2023-02-01,500
p-3e2832323,2023-02-01,500
p-bd82a6cac,2023-02-01,500
p-f4612223b,2023-02-01,500
p-cd1ddaf1a,2023-02-01,500
p-69eff7602,2023-02-01,500
p-eb5cc946f,2023-02-01,500
p-854d75cb4,2023-02-01,500
p-43151bf60,2023-02-01,500
p-340cb4748,2023-02-01,500
p-3dd4489dc,2023-02-01,500
p-8d81ea7c2,2023-02-01,500
p-9913b80c2,2023-02-01,500
p-d4ec2a93d,2023-02-01,500
p-78a577cf9,2023-02-01,500
p-ac11cc0b9,2023-02-01,500
p-a776c057e,2023-02-01,500
p-2d047030a,2023-02-01,500
p-e1800d361,2023-02-01,500
p-47c0ac28d,2023-02-01,500
p-fa5283cc6,2023-02-01,500
p-ede4c5f9c,2023-02-01,500
p-b70564eb9,2023-02-01,500
p-05a7b0948,2023-02-01,500
p-06711106a,2023-02-01,500
p-71bcc7b14,2023-02-01,500
p-5665e6edd,2023-02-01,500
p-6831847f9,2023-02-01,500
p-28597f040,2023-02-01,500
p-5561779d7,2023-02-01,500
p-c8c7d2b3d,2023-02-01,500
p-fd3284e0c,2023-02-01,500
p-3376b0dea,2023-02-01,500
p-f63a695a6,2023-02-01,500
p-02b5e3818,2023-02-01,500
p-e408e47ac,2023-02-01,500
p-173d0679a,2023-02-01,500
p-deca304e2,2023-02-01,500
p-c8b1d60ec,2023-02-01,500
p-b02d10bb0,2023-02-01,500
p-0d242bdc9,2023-02-01,500
p-4ba34698e,2023-02-01,500
p-0e1ebed08,2023-02-01,500
p-bf0329014,2023-02-01,500
p-1e63f4368,2023-02-01,500
p-724a62872,2023-02-01,500
p-46bc33fc5,2023-02-01,500
p-5e20634dd,2023-02-01,500
p-45b3ee772,2023-02-01,500
p-f99210e9b,2023-02-01,500
p-bd51adc6a,2023-02-01,500
p-2b6551f80,2023-02-01,500
p-cf7493961,2023-02-01,500
p-72d41e29f,2023-02-01,500
p-9f3e7483d,2023-02-01,500
p-d4db5c413,2023-02-01,500
p-dd6ab71e3,2023-02-01,500
p-90e780f15,2023-02-01,500
p-a24c5a234,2023-02-01,500
p-a94f27f21,2023-02-01,500
p-8923c8c2f,2023-02-01,500
p-8e60eebdb,2023-02-01,500
p-2db23696c,2023-02-01,500
p-8a5e57d55,2023-02-01,500
p-97ee2c16a,2023-02-01,500
p-f86fd4053,2023-02-01,500
p-5a3a38939,2023-02-01,500
p-f4576da66,2023-02-01,500
p-fa91b5042,2023-02-01,500
p-b6cdcaaa3,2023-02-01,500
p-4cef79f22,2023-02-01,500
p-a4199652b,2023-02-01,500
p-72ac3ccec,2023-02-01,500
p-19674fcc6,2023-02-01,500
p-6a0e7e4c5,2023-02-01,500
p-542007670,2023-02-01,500
p-86f18d9e1,2023-02-01,500
p-72a9ac344,2023-02-01,500
p-46513979f,2023-02-01,500
p-6c91f271d,2023-02-01,500
p-87698f81c,2023-02-01,500
p-96b5f9a7d,2023-02-01,500
p-af6562e6c,2023-02-01,500
p-03558e0bf,2023-02-01,500
p-857f68076,2023-02-01,500
p-4d7da3614,2023-02-01,500
p-fdafb8383,2023-02-01,500
p-c150aca88,2023-02-01,500
p-b41a35eb9,2023-02-01,500
p-db537e5a8,2023-02-01,500
p-b580b2777,2023-02-01,500
p-ef2f14a15,2023-02-01,500
p-67042e3be,2023-02-01,500
p-141790a1d,2023-02-01,500
p-af400ab7c,2023-02-01,500
p-b4146d007,2023-02-01,500
p-53c691d3f,2023-02-01,500
p-ce2ec0e33,2023-02-01,500
p-be47b3874,2023-02-01,500
p-915c8cb16,2023-02-01,500
p-c6f58fee4,2023-02-01,500
p-4e1f17178,2023-02-01,500
p-f77752353,2023-02-01,500
p-6b9bf062e,2023-02-01,500
p-ac0085878,2023-02-01,500
p-0e66f7345,2023-02-01,500
p-1da145e43,2023-02-01,500
p-478a233e8,2023-02-01,500
p-d201c4b02,2023-02-01,500
p-d21b0f5c5,2023-02-01,500
p-ef8de3f99,2023-02-01,500
p-a9a7e58c8,2023-02-01,500
p-9f23cbe0d,2023-02-01,500
p-9d1c725ac,2023-02-01,500
p-0525c5c11,2023-02-01,500
p-aee54c250,2023-02-01,500
p-0a232e204,2023-02-01,500
p-637f36b51,2023-02-01,500
p-01653d5a0,2023-02-01,500
p-7e0b65f85,2023-02-01,500
p-32a1c8cb4,2023-02-01,500
p-688480ca5,2023-02-01,500
p-7fa4bac16,2023-02-01,500
p-7f4c52537,2023-02-01,500
p-22e663989,2023-02-01,500
p-a9e175d8d,2023-02-01,500
p-1e3d0aeb5,2023-02-01,500
p-3b5c11208,2023-02-01,500
p-c81624ab8,2023-02-01,500
p-e277a95b9,2023-02-01,500
p-61be93cdd,2023-02-01,500
p-28dd1d745,2023-02-01,500
p-f81b3743c,2023-02-01,500
p-5cc4fd74a,2023-02-01,500
p-1536b2626,2023-02-01,500
p-98ff583b8,2023-02-01,500
p-c9f56f5c4,2023-02-01,500
p-092d1e26c,2023-02-01,500
p-a69172e72,2023-02-01,500
p-eb957ed52,2023-02-01,500
p-88e5aeb68,2023-02-01,500
p-ccbc87f4d,2023-02-01,500
p-7d1cd99a2,2023-02-01,500
p-20df325ec,2023-02-01,500
p-32d18ba89,2023-02-01,500
p-145d19cd2,2023-02-01,500
p-ed111ed9f,2023-02-01,500
p-9b0cae8c0,2023-02-01,500
p-a2cb94727,2023-02-01,500
p-fe1229a0d,2023-02-01,500
p-736a0c4f8,2023-02-01,500
p-78d29b3cb,2023-02-01,500
p-4938e6d3b,2023-02-01,500
p-66eb1d48b,2023-02-01,500
p-ad538629a,2023-02-01,500
p-d77489c11,2023-02-01,500
p-ac9583615,2023-02-01,500
p-35f384426,2023-02-01,500
p-0ca77d4b9,2023-02-01,500
p-30fceabb3,2023-02-01,500
p-8de1884d2,2023-02-01,500
p-289a82a57,2023-02-01,500
p-36cd355bf,2023-02-01,500
p-6bec757a6,2023-02-01,500
p-51df1e6e6,2023-02-01,500
p-3550e2c86,2023-02-01,500
p-b66339fb1,2023-02-01,500
p-491324b5a,2023-03-01,500
p-94c5cfd9a,2023-03-01,500
p-88aa1401a,2023-03-01,500
p-7ed817576,2023-03-01,500
p-771ceb9a9,2023-03-01,500
p-16ab7980d,2023-03-01,500
p-5e05893f4,2023-03-01,500
p-3084ce353,2023-03-01,500
p-7f2bfc5f8,2023-03-01,500
p-8ffbc9fd2,2023-03-01,500
p-d9b994101,2023-03-01,500
p-1f7e0c280,2023-03-01,500
p-4726f4f1e,2023-03-01,500
p-c1ef4d11f,2023-03-01,500
p-b787d1dd5,2023-03-01,500
p-2806432e7,2023-03-01,500
p-50ebdddfd,2023-03-01,500
p-ca8fd9f95,2023-03-01,500
p-2f663b011,2023-03-01,500
p-e48679d2e,2023-03-01,500
p-b246a6006,2023-03-01,500
p-d9f79d0cc,2023-03-01,500
p-de5e11594,2023-03-01,500
p-76b159031,2023-03-01,500
p-6f6810d11,2023-03-01,500
p-b440aedd4,2023-03-01,500
p-97f187a75,2023-03-01,500
p-1c34c1bab,2023-03-01,500
p-d9314f7fa,2023-03-01,500
p-60dddb67f,2023-03-01,500
p-c601c131e,2023-03-01,500
p-2e7350b03,2023-03-01,500
p-2d320e230,2023-03-01,500
p-3cf142dc7,2023-03-01,500
p-02ab3d1d1,2023-03-01,500
p-fad528d2c,2023-03-01,500
p-53e2cfd86,2023-03-01,500
p-efbe4b4fb,2023-03-01,500
p-9f36507f6,2023-03-01,500
p-0f346cfa5,2023-03-01,500
p-e00d35da1,2023-03-01,500
p-fd00248b6,2023-03-01,500
p-a0f5b2899,2023-03-01,500
p-b3b88b6b8,2023-03-01,500
p-7a635e0af,2023-03-01,500
p-83dd72439,2023-03-01,500
p-583ce8a4b,2023-03-01,500
p-fdf9cde8e,2023-03-01,500
p-78a0cc946,2023-03-01,500
p-ebb96f1c8,2023-03-01,500
p-42153a6a6,2023-03-01,500
p-b6d06e908,2023-03-01,500
p-c50722fb0,2023-03-01,500
p-095306556,2023-03-01,500
p-36b301361,2023-03-01,500
p-800e693e0,2023-03-01,500
p-91cc107fc,2023-03-01,500
p-4a71f2b12,2023-03-01,500
p-0ceea22b9,2023-03-01,500
p-474391586,2023-03-01,500
p-eea8a3143,2023-03-01,500
p-edea9ac13,2023-03-01,500
p-8a007af3c,2023-03-01,500
p-4b196dac5,2023-03-01,500
p-7b23e42ea,2023-03-01,500
p-37066c242,2023-03-01,500
p-445e31383,2023-03-01,500
p-02662f8af,2023-03-01,500
p-790fb98fb,2023-03-01,500
p-01e052386,2023-03-01,500
p-0ac13812f,2023-03-01,500
p-d404a269f,2023-03-01,500
p-b1c55fe14,2023-03-01,500
p-dfd22f9a6,2023-03-01,500
p-a80fb2559,2023-03-01,500
p-6f168fa65,2023-03-01,500
p-41d2ad8b3,2023-03-01,500
p-c7bf3fdef,2023-03-01,500
p-850e379c3,2023-03-01,500
p-bb0b73b63,2023-03-01,500
p-d57b7a1c9,2023-03-01,500
p-3b85c88a3,2023-03-01,500
p-453cc94bc,2023-03-01,500
p-04645008f,2023-03-01,500
p-aaf297b0a,2023-03-01,500
p-d72b2bbb2,2023-03-01,500
p-4b8711885,2023-03-01,500
p-a388ac945,2023-03-01,500
p-cf2374971,2023-03-01,500
p-8ef14bc6b,2023-03-01,500
p-62e74ed06,2023-03-01,500
p-6f5d2548d,2023-03-01,500
p-a09c36168,2023-03-01,500
p-d37e4df36,2023-03-01,500
p-510bffb59,2023-03-01,500
p-cfb815069,2023-03-01,500
p-b4e89bb8c,2023-03-01,500
p-1d545b8c8,2023-03-01,500
p-a7b81b09b,2023-03-01,500
p-616b8596a,2023-03-01,500
p-07e7e9e72,2023-03-01,500
p-ac5837bc0,2023-03-01,500
p-2b893d4f3,2023-03-01,500
p-e57791cea,2023-03-01,500
p-511025076,2023-03-01,500
p-f4822a16f,2023-03-01,500
p-a8398dda0,2023-03-01,500
p-be9e4a329,2023-03-01,500
p-90cf0745a,2023-03-01,500
p-567e19b6a,2023-03-01,500
p-f529d5a05,2023-03-01,500
p-27214acfa,2023-03-01,500
p-2847490a5,2023-03-01,500
p-2dfed0e36,2023-03-01,500
p-9ab96eb9f,2023-03-01,500
p-d56b6ec27,2023-03-01,500
p-1897b0ae7,2023-03-01,500
p-7afb00955,2023-03-01,500
p-218c347f8,2023-03-01,500
p-b3411e21e,2023-03-01,500
p-1afdf108d,2023-03-01,500
p-4dc9b697f,2023-03-01,500
p-f45fb5b6a,2023-03-01,500
p-911de24ee,2023-03-01,500
p-c079a0de8,2023-03-01,500
p-a9b4a2075,2023-03-01,500
p-749f6a910,2023-03-01,500
p-c58856436,2023-03-01,500
p-0bf73ebf6,2023-03-01,500
p-7614426be,2023-03-01,500
p-0b24ee210,2023-03-01,500
p-1882f7f31,2023-03-01,500
p-46f38f32c,2023-03-01,500
p-abd150de9,2023-03-01,500
p-f21ea2407,2023-03-01,500
p-4977b018f,2023-03-01,500
p-779419b7e,2023-03-01,500
p-f32ae427c,2023-03-01,500
p-a4292cdc0,2023-03-01,500
p-2e0dcff86,2023-03-01,500
p-8aeff41b6,2023-03-01,500
p-0d93e49c9,2023-03-01,500
p-3bb350fb1,2023-03-01,500
p-f3a549e3d,2023-03-01,500
p-82a5a2c12,2023-03-01,500
p-061d83203,2023-03-01,500
p-212409c3c,2023-03-01,500
p-bfed2879b,2023-03-01,500
p-2f1c62e23,2023-03-01,500
p-e68e17475,2023-03-01,500
p-e5c46e9ae,2023-03-01,500
p-17164882b,2023-03-01,500
p-85e4cbf00,2023-03-01,500
p-69b6cebe4,2023-03-01,500
p-6305a9226,2023-03-01,500
p-012d38e4d,2023-03-01,500
p-8322d759a,2023-03-01,500
p-aa63822c9,2023-03-01,500
p-b664de48a,2023-03-01,500
p-b041199fb,2023-03-01,500
p-9ad43d9b8,2023-03-01,500
p-ffc4114b3,2023-03-01,500
p-ac69d4962,2023-03-01,500
p-abbb0949f,2023-03-01,500
p-ce2ec0e33,2023-03-01,500
p-654b8a2cf,2023-03-01,500
p-748fc2377,2023-03-01,500
p-5b3e2b0aa,2023-03-01,500
p-a316948da,2023-03-01,500
p-eda5a3c8b,2023-03-01,500
p-6a69b958d,2023-03-01,500
p-4c88ed818,2023-03-01,500
p-87c7a737a,2023-03-01,500
p-cc0d30d66,2023-03-01,500
p-1274a7fc6,2023-03-01,500
p-792577da4,2023-03-01,500
p-78941e60f,2023-03-01,500
p-807f4855c,2023-03-01,500
p-cf42b49ff,2023-03-01,500
p-c5abc9ba9,2023-03-01,500
p-67bd468e9,2023-03-01,500
p-257d2985a,2023-03-01,500
p-5a1a8f09d,2023-03-01,500
p-631b700c2,2023-03-01,500
p-365b3bc54,2023-03-01,500
p-4a2572a52,2023-03-01,500
p-69deb0cae,2023-03-01,500
p-9470c6290,2023-03-01,500
p-92a37d55d,2023-03-01,500
p-53d10e2b1,2023-03-01,500
p-cc0a4afe3,2023-03-01,500
p-2ac916d33,2023-03-01,500
p-7269fcd84,2023-03-01,500
p-9e4b2a5c9,2023-03-01,500
p-37655d696,2023-03-01,500
p-b3b37616d,2023-03-01,500
p-baf3866d8,2023-03-01,500
p-eb5470cf3,2023-03-01,500
p-6ff4a0223,2023-03-01,500
p-0fd66490d,2023-03-01,500
p-0a5930ff8,2023-03-01,500
p-f1557d6c0,2023-03-01,500
p-0b13e3fce,2023-03-01,500
p-d6447f7f7,2023-03-01,500
p-f5829bd9d,2023-03-01,500
p-a402b258c,2023-03-01,500
p-d18b1d2d4,2023-03-01,500
p-29c6adf25,2023-03-01,500
p-272da607b,2023-03-01,500
p-0cf0e2555,2023-03-01,500
p-6641cece6,2023-03-01,500
p-a434ff2cf,2023-03-01,500
p-4d5755e89,2023-03-01,500
p-622ead57d,2023-03-01,500
p-d9d258b8c,2023-03-01,500
p-84d333ebc,2023-03-01,500
p-b667b584b,2023-03-01,500
p-236cfa877,2023-03-01,500
p-c0938a9b2,2023-03-01,500
p-38f61941b,2023-03-01,500
p-74b1284c7,2023-03-01,500
p-06474c598,2023-03-01,500
p-281610b73,2023-03-01,500
p-b8c61c88e,2023-03-01,500
p-c196f422e,2023-03-01,500
p-2828b259a,2023-03-01,500
p-d35ad5671,2023-03-01,500
p-3cffb20dd,2023-03-01,500
p-4dcfa9c0b,2023-03-01,500
p-24588ceea,2023-03-01,500
p-1260ef6ef,2023-03-01,500
p-13c1f2858,2023-03-01,500
p-561fb9199,2023-03-01,500
p-9adc8fbe0,2023-03-01,500
p-be48bd65e,2023-03-01,500
p-6c45ff763,2023-03-01,500
p-2dc7b35ba,2023-03-01,500
p-b46169b66,2023-03-01,500
p-11fc3a5fb,2023-03-01,500
p-3ec0136b3,2023-03-01,500
p-d332690b3,2023-03-01,500
p-0dbcde20d,2023-03-01,500
p-9fab889cc,2023-03-01,500
p-15432e4f1,2023-03-01,500
p-869db990a,2023-03-01,500
p-3358a5cb6,2023-03-01,500
p-a34acf8e6,2023-03-01,500
p-b2bb25993,2023-03-01,500
p-b16fabfc2,2023-03-01,500
p-e24499ffa,2023-03-01,500
p-6501bf32a,2023-03-01,500
p-5d28bf236,2023-03-01,500
p-a84b49483,2023-03-01,500
p-ec78e2260,2023-03-01,500
p-b83de51e7,2023-03-01,500
p-a82c11066,2023-03-01,500
p-bfb9b482a,2023-03-01,500
p-e7f92e71a,2023-03-01,500
p-91db173c9,2023-03-01,500
p-89a76c96d,2023-03-01,500
p-2b758ef40,2023-03-01,500
p-954f71615,2023-03-01,500
p-ac34993cb,2023-03-01,500
p-65f95c09d,2023-03-01,500
p-dfb791e76,2023-03-01,500
p-19c6deae6,2023-03-01,500
p-6b405841a,2023-03-01,500
p-8f1fdee04,2023-03-01,500
p-31d6a7074,2023-03-01,500
p-7126a26a7,2023-03-01,500
p-e8991be14,2023-03-01,500
p-6455caaec,2023-03-01,500
p-61263b683,2023-03-01,500
p-0691448ba,2023-03-01,500
p-c082ce9e5,2023-03-01,500
p-2c895792d,2023-03-01,500
p-5c4d21cb2,2023-03-01,500
p-98864c661,2023-03-01,500
p-36089ad87,2023-03-01,500
p-08af7b30d,2023-03-01,500
p-635e45e7c,2023-03-01,500
p-6e73e2561,2023-03-01,500
p-9f59ece59,2023-03-01,500
p-7953ff683,2023-03-01,500
p-ea3e8da62,2023-03-01,500
p-5f91c91a2,2023-03-01,500
p-896d70fd3,2023-03-01,500
p-ad726ec58,2023-03-01,500
p-8ad408188,2023-03-01,500
p-9d7f1875a,2023-03-01,500
p-504084294,2023-03-01,500
p-56319d6b6,2023-03-01,500
p-3548f5cf3,2023-03-01,500
p-46cc25ffd,2023-03-01,500
p-38961c05b,2023-03-01,500
p-727e2c765,2023-03-01,500
p-10f0be60d,2023-03-01,500
p-57f654feb,2023-03-01,500
p-260f65c95,2023-03-01,500
p-7c99e5aa9,2023-03-01,500
p-cda0d618d,2023-03-01,500
p-fb563de8d,2023-03-01,500
p-4c4e62e52,2023-03-01,500
p-0a4457a64,2023-03-01,500
p-0ca4bc655,2023-03-01,500
p-5c86520b6,2023-03-01,500
p-9c81841e3,2023-03-01,500
p-cc87d41f7,2023-03-01,500
p-419370eae,2023-03-01,500
p-1ad9e51ca,2023-03-01,500
p-00b69f466,2023-03-01,500
p-33bcae59c,2023-03-01,500
p-af645c172,2023-03-01,500
p-8fcd08a1f,2023-03-01,500
p-e3a6d93da,2023-03-01,500
p-02b2f5228,2023-03-01,500
p-a631804e2,2023-03-01,500
p-8f9e3aba7,2023-03-01,500
p-f515c5c63,2023-03-01,500
p-a0ea9209d,2023-03-01,500
p-7ea8f1b26,2023-03-01,500
p-0dbae2bdd,2023-03-01,500
p-300998925,2023-03-01,500
p-a3af1c1f7,2023-03-01,500
p-2179be55e,2023-03-01,500
p-64ce730d7,2023-03-01,500
p-c014af79d,2023-03-01,500
p-9cfe7e62f,2023-03-01,500
p-185991c5f,2023-03-01,500
p-a5a88735d,2023-03-01,500
p-851fc9192,2023-03-01,500
p-33d2f8b0d,2023-03-01,500
p-04993a165,2023-03-01,500
p-8bd80748c,2023-03-01,500
p-248025ecd,2023-03-01,500
p-218b2182d,2023-03-01,500
p-a045bf00d,2023-03-01,500
p-86cd54feb,2023-03-01,500
p-f761f9ee5,2023-03-01,500
p-a8658b10e,2023-03-01,500
p-9c9c110aa,2023-03-01,500
p-f547c4b48,2023-03-01,500
p-a14bf16b8,2023-03-01,500
p-89903861b,2023-03-01,500
p-3b9fed925,2023-03-01,500
p-b9288057e,2023-03-01,500
p-ccc15300e,2023-03-01,500
p-5e9c16ee1,2023-03-01,500
p-72ad95f29,2023-03-01,500
p-88ffe7c88,2023-03-01,500
p-5cdb10ff7,2023-03-01,500
p-a828b1082,2023-03-01,500
p-6c7cca5de,2023-03-01,500
p-c586f49a6,2023-03-01,500
p-5a7924008,2023-03-01,500
p-1736b5b22,2023-03-01,500
p-e0ffe06fc,2023-03-01,500
p-651ff0323,2023-03-01,500
p-e52449b06,2023-03-01,500
p-24a9930d0,2023-03-01,500
p-029480989,2023-03-01,500
p-545a892dd,2023-03-01,500
p-04008c143,2023-03-01,500
p-19c84c1da,2023-03-01,500
p-f91f4bb4f,2023-03-01,500
p-8042379dc,2023-03-01,500
p-7d5d74ac7,2023-03-01,500
p-b536a3ee9,2023-03-01,500
p-eb931382f,2023-03-01,500
p-4ca8c85c4,2023-03-01,500
p-6fbb43b08,2023-03-01,500
p-f9ec3b957,2023-03-01,500
p-336f7a773,2023-03-01,500
p-9b726b2f0,2023-03-01,500
p-daf647d4b,2023-03-01,500
p-54addb6da,2023-03-01,500
p-62863e81c,2023-03-01,500
p-b776c674a,2023-03-01,500
p-e8b66a358,2023-03-01,500
p-b73968faa,2023-03-01,500
p-5f1ce5b71,2023-03-01,500
p-7d8e621b5,2023-03-01,500
p-0b151faee,2023-03-01,500
p-e1531d3b4,2023-03-01,500
p-fcefed81c,2023-03-01,500
p-d3a444655,2023-03-01,500
p-52f92c0ea,2023-03-01,500
p-e5c32e66a,2023-03-01,500
p-9357d6081,2023-03-01,500
p-c584a1ea2,2023-03-01,500
p-ef2f14a15,2023-03-01,500
p-4935f500f,2023-03-01,500
p-0518e3b0d,2023-03-01,500
p-22226ce1f,2023-03-01,500
p-b9c08bb0c,2023-03-01,500
p-241f29992,2023-03-01,500
p-bdb39a692,2023-03-01,500
p-0159f4e0d,2023-03-01,500
p-5a8815587,2023-03-01,500
p-f57ec65ec,2023-03-01,500
p-77093db3d,2023-03-01,500
p-48db4df02,2023-03-01,500
p-b675e3c50,2023-03-01,500
p-0829ff46d,2023-03-01,500
p-d253cb18b,2023-03-01,500
p-012afe47f,2023-03-01,500
p-706c4dc19,2023-03-01,500
p-139200a69,2023-03-01,500
p-efb1c5709,2023-03-01,500
p-c938d8c09,2023-03-01,500
p-3d3808f1a,2023-03-01,500
p-0c7da6183,2023-03-01,500
p-8b4df163a,2023-03-01,500
p-baf5d693b,2023-03-01,500
p-aaa5566b5,2023-03-01,500
p-5cbfea0cb,2023-03-01,500
p-04894e2b8,2023-03-01,500
p-11cb0999f,2023-03-01,500
p-bd86a6831,2023-03-01,500
p-8bb87a894,2023-03-01,500
p-9f520e208,2023-03-01,500
p-c22a26852,2023-03-01,500
p-b65f3ebf1,2023-03-01,500
p-a2056be29,2023-03-01,500
p-a5da1be74,2023-03-01,500
p-5f31a3d0a,2023-03-01,500
p-a8088e878,2023-03-01,500
p-bfaf75951,2023-03-01,500
p-2da278ac4,2023-03-01,500
p-ea35b12e7,2023-03-01,500
p-c1aadb29b,2023-03-01,500
p-a0f41d02c,2023-03-01,500
p-f3e840d6b,2023-03-01,500
p-4c24977f8,2023-03-01,500
p-85d450b32,2023-03-01,500
p-a8154b0c7,2023-03-01,500
p-3b23605cc,2023-03-01,500
p-1e6a1ba20,2023-03-01,500
p-597063059,2023-03-01,500
p-8ea517600,2023-03-01,500
p-72ee1b668,2023-03-01,500
p-1f920ea21,2023-03-01,500
p-2f4be995d,2023-03-01,500
p-9479f482e,2023-03-01,500
p-9064fb7ae,2023-03-01,500
p-8958ecbce,2023-03-01,500
p-df8e43685,2023-03-01,500
p-0c00017d3,2023-03-01,500
p-940667bb9,2023-03-01,500
p-d56a01456,2023-03-01,500
p-b038b726e,2023-03-01,500
p-de5132fce,2023-03-01,500
p-23af34993,2023-03-01,500
p-3c4694aca,2023-03-01,500
p-32b7c41bf,2023-03-01,500
p-abf00c81c,2023-03-01,500
p-b1d71bfda,2023-03-01,500
p-21a7418fb,2023-03-01,500
p-1b3a4af5f,2023-03-01,500
p-29904cb5a,2023-03-01,500
p-a627905e4,2023-03-01,500
p-dd2958c63,2023-03-01,500
p-6d5a898ee,2023-03-01,500
p-8f6bd77f2,2023-03-01,500
p-91458e13e,2023-03-01,500
p-f0b1dfb50,2023-03-01,500
p-51322ebbb,2023-03-01,500
p-0d9a70699,2023-03-01,500
p-a4a7a0a17,2023-03-01,500
p-3df75724e,2023-03-01,500
p-3a6f1d2a5,2023-03-01,500
p-519b11374,2023-03-01,500
p-a1291290f,2023-03-01,500
p-454c01bf0,2023-03-01,500
p-6c98230ae,2023-03-01,500
p-d3c5ecc3c,2023-03-01,500
p-6eb1f9abc,2023-03-01,500
p-0d22f115d,2023-03-01,500
p-fa0eee0b9,2023-03-01,500
p-fd107954a,2023-03-01,500
p-8b5030b33,2023-03-01,500
p-dcffedc8b,2023-03-01,500
p-77eee2874,2023-03-01,500
p-3877cf60b,2023-03-01,500
p-3bad51017,2023-03-01,500
p-031422499,2023-03-01,500
p-332c3daea,2023-03-01,500
p-442f686a0,2023-03-01,500
p-9e39fbcee,2023-03-01,500
p-d0e6460cd,2023-03-01,500
p-1f2f43340,2023-03-01,500
p-ab5a5c43a,2023-03-01,500
p-946bc3408,2023-03-01,500
p-8926c51cf,2023-03-01,500
p-05cb50747,2023-03-01,500
p-fb4eb0f83,2023-03-01,500
p-c99d546b2,2023-03-01,500
p-0feb92fde,2023-03-01,500
p-2e0ceb690,2023-03-01,500
p-aff42078c,2023-03-01,500
p-659d99bd6,2023-03-01,500
p-fe943f54d,2023-03-01,500
p-dad80bf37,2023-03-01,500
p-d9b2b0c88,2023-03-01,500
p-9d2f3cc13,2023-03-01,500
p-9caefbf4f,2023-03-01,500
p-3371146bf,2023-03-01,500
p-1c9c50f4d,2023-03-01,500
p-b04d93eb2,2023-03-01,500
p-e8d25c9cd,2023-03-01,500
p-4507909eb,2023-03-01,500
p-d4c8fcbc0,2023-03-01,500
p-c78acdda6,2023-03-01,500
p-808332e5c,2023-03-01,500
p-449e16eed,2023-03-01,500
p-27cba1bff,2023-03-01,500
p-fb650d42d,2023-03-01,500
p-8892e1ffa,2023-03-01,500
p-278d1647c,2023-03-01,500
p-118681a91,2023-03-01,500
p-db34f6347,2023-03-01,500
p-664b05554,2023-03-01,500
p-41f9263dd,2023-03-01,500
p-2fb2f8975,2023-03-01,500
p-c5078dc4c,2023-03-01,500
p-498421058,2023-03-01,500
p-c72c43a18,2023-03-01,500
p-3330034a1,2023-03-01,500
p-67a228aca,2023-03-01,500
p-d4acf1bfa,2023-03-01,500
p-f3de3748d,2023-03-01,500
p-1a2af7402,2023-03-01,500
p-da0eb15b5,2023-03-01,500
p-cb00b61e9,2023-03-01,500
p-939efb2be,2023-03-01,500
p-903427aca,2023-03-01,500
p-0b8ce19d5,2023-03-01,500
p-3b10b5f86,2023-03-01,500
p-91196c6b6,2023-03-01,500
p-4425afd22,2023-03-01,500
p-b788f55e0,2023-03-01,500
p-fe5dc2955,2023-03-01,500
p-b65b104f6,2023-03-01,500
p-876227216,2023-03-01,500
p-baf90756c,2023-03-01,500
p-fdff3b6ab,2023-03-01,500
p-29801bcc3,2023-03-01,500
p-a52e91560,2023-03-01,500
p-d161ba9e8,2023-03-01,500
p-2bc86e781,2023-03-01,500
p-65282e56e,2023-03-01,500
p-6b60aa44a,2023-03-01,500
p-c6829b567,2023-03-01,500
p-a2b7b8428,2023-03-01,500
p-7ee8a6ca4,2023-03-01,500
p-16974e5bf,2023-03-01,500
p-7095ca41c,2023-03-01,500
p-ab3aabf94,2023-03-01,500
p-c391af005,2023-03-01,500
p-3a69c2f27,2023-03-01,500
p-4812fcce6,2023-03-01,500
p-bc64d0b54,2023-03-01,500
p-ec5d329c1,2023-03-01,500
p-0a5d822a1,2023-03-01,500
p-98ff583b8,2023-03-01,500
p-68c11eaba,2023-03-01,500
p-98b957404,2023-03-01,500
p-25a949a40,2023-03-01,500
p-140e1c5e8,2023-03-01,500
p-b17d93ac2,2023-03-01,500
p-bedbdfe9c,2023-03-01,500
p-e8175f1b3,2023-03-01,500
p-3450779e8,2023-03-01,500
p-197904a2f,2023-03-01,500
p-721aa0470,2023-03-01,500
p-dd4a9b077,2023-03-01,500
p-c6ffc11f8,2023-03-01,500
p-469b3f7f8,2023-03-01,500
p-4d96a3d35,2023-03-01,500
p-8e904999f,2023-03-01,500
p-bc10f7939,2023-03-01,500
p-d7025a579,2023-03-01,500
p-b4ee2907d,2023-03-01,500
p-f479fa5ec,2023-03-01,500
p-cbac8b90c,2023-03-01,500
p-c2e2c4859,2023-03-01,500
p-f33077684,2023-03-01,500
p-f1d2da133,2023-03-01,500
p-a5c8df42e,2023-03-01,500
p-8bcfe3b1e,2023-03-01,500
p-bcb600a91,2023-03-01,500
p-1a2754125,2023-03-01,500
p-7ced764c6,2023-03-01,500
p-81176128a,2023-03-01,500
p-9760960db,2023-03-01,500
p-5260b7a4f,2023-03-01,500
p-614169a95,2023-03-01,500
p-22846df55,2023-03-01,500
p-b3c47d42d,2023-03-01,500
p-0fcfdeb2f,2023-03-01,500
p-333c7198f,2023-03-01,500
p-3bdd832a9,2023-03-01,500
p-f6762b56a,2023-03-01,500
p-f1e6c2f33,2023-03-01,500
p-38c11b46e,2023-03-01,500
p-a76ab6ab5,2023-03-01,500
p-4aba93253,2023-03-01,500
p-4ac5c70ea,2023-03-01,500
p-423b2b084,2023-03-01,500
p-f6d8322d0,2023-03-01,500
p-025f314bb,2023-03-01,500
p-1414efd64,2023-03-01,500
p-1862968f5,2023-03-01,500
p-c4a5d16e1,2023-03-01,500
p-4ed64fdfa,2023-03-01,500
p-03009a2da,2023-03-01,500
p-b3b45a6d0,2023-03-01,500
p-61cd8eca4,2023-03-01,500
p-7f5676836,2023-03-01,500
p-3b76e59d2,2023-03-01,500
p-3d6005ffb,2023-03-01,500
p-c889568c2,2023-03-01,500
p-f645a4cb3,2023-03-01,500
p-bdcf18897,2023-03-01,500
p-da4b2d6f2,2023-03-01,500
p-c5f93719c,2023-03-01,500
p-2925ce993,2023-03-01,500
p-ccdb28a25,2023-03-01,500
p-3d1eb6aec,2023-03-01,500
p-fbbe99d61,2023-03-01,500
p-f7fbbdf91,2023-03-01,500
p-d8a4e2e03,2023-03-01,500
p-72f61e173,2023-03-01,500
p-e0528cdec,2023-03-01,500
p-d10b27cc7,2023-03-01,500
p-188acb8ca,2023-03-01,500
p-6271c1f4a,2023-03-01,500
p-f37b718b9,2023-03-01,500
p-992ee1f25,2023-03-01,500
p-8b51217f4,2023-03-01,500
p-6f886b591,2023-03-01,500
p-375ad2f85,2023-03-01,500
p-0347ef9db,2023-03-01,500
p-88b353108,2023-03-01,500
p-74434824c,2023-03-01,500
p-0eaa97457,2023-03-01,500
p-3c4ab10ca,2023-03-01,500
p-bd13909c8,2023-03-01,500
p-f071c3e38,2023-03-01,500
p-263f86c87,2023-03-01,500
p-24105546e,2023-03-01,500
p-02a7d7af2,2023-03-01,500
p-9a4b5ebcc,2023-03-01,500
p-273c6f576,2023-03-01,500
p-242041530,2023-03-01,500
p-1544681ec,2023-03-01,500
p-859abb479,2023-03-01,500
p-55466cda2,2023-03-01,500
p-c888fb94b,2023-03-01,500
p-05f2273b1,2023-03-01,500
p-ef8af58d3,2023-03-01,500
p-4c355e68c,2023-03-01,500
p-28fbfd28b,2023-03-01,500
p-b1636f53b,2023-03-01,500
p-b53912635,2023-03-01,500
p-5106837d8,2023-03-01,500
p-42172258b,2023-03-01,500
p-fa3e392d6,2023-03-01,500
p-ed947b02d,2023-03-01,500
p-edeea9af0,2023-03-01,500
p-2c2f9b4a9,2023-03-01,500
p-622855182,2023-03-01,500
p-4b985fdb6,2023-03-01,500
p-88070a1d9,2023-03-01,500
p-3cbda4351,2023-03-01,500
p-5b7947015,2023-03-01,500
p-a09f6c787,2023-03-01,500
p-14c8cc560,2023-03-01,500
p-d47fb416a,2023-03-01,500
p-7b48790d2,2023-03-01,500
p-ecd675aa1,2023-03-01,500
p-daceb110a,2023-03-01,500
p-2fa5de185,2023-03-01,500
p-c7bb23d10,2023-03-01,500
p-7189dcb7b,2023-03-01,500
p-fd4c5905a,2023-03-01,500
p-4ccbb9b1f,2023-03-01,500
p-60405f225,2023-03-01,500
p-038188597,2023-03-01,500
p-45707e044,2023-03-01,500
p-28b5e7b59,2023-03-01,500
p-d7424f55e,2023-03-01,500
p-7e796baa0,2023-03-01,500
p-6acf4055c,2023-03-01,500
p-63c14eec5,2023-03-01,500
p-180f6bea3,2023-03-01,500
p-d8d011adb,2023-03-01,500
p-0e30d1697,2023-03-01,500
p-5bfb49fff,2023-03-01,500
p-2d4c2fa84,2023-03-01,500
p-dc78af767,2023-03-01,500
p-e3381e705,2023-03-01,500
p-4b414f0be,2023-03-01,500
p-70ef47f5f,2023-03-01,500
p-2474614d0,2023-03-01,500
p-62fd2031b,2023-03-01,500
p-2b36dd68b,2023-03-01,500
p-68aac6f57,2023-03-01,500
p-225992716,2023-03-01,500
p-1331633e0,2023-03-01,500
p-d66228df4,2023-03-01,500
p-87e52b4fe,2023-03-01,500
p-766545386,2023-03-01,500
p-008b6b459,2023-03-01,500
p-630e2f1b7,2023-03-01,500
p-8be6f8d21,2023-03-01,500
p-9cf7455d5,2023-03-01,500
p-281b8bdfa,2023-03-01,500
p-fb0450d81,2023-03-01,500
p-40f57ba1f,2023-03-01,500
p-9f0515ff7,2023-03-01,500
p-60ebe29db,2023-03-01,500
p-647f7a1fb,2023-03-01,500
p-5aaa13d45,2023-03-01,500
p-45a12c97d,2023-03-01,500
p-79060cbe7,2023-03-01,500
p-9fb1fb459,2023-03-01,500
p-120881faa,2023-03-01,500
p-daa406dfa,2023-03-01,500
p-b2688fb8f,2023-03-01,500
p-59ddabb31,2023-03-01,500
p-7a219279b,2023-03-01,500
p-ddcd32633,2023-03-01,500
p-d07fa232e,2023-03-01,500
p-3dfe96faf,2023-03-01,500
p-d91adf8f3,2023-03-01,500
p-3b19ed64d,2023-03-01,500
p-8e4edbac2,2023-03-01,500
p-245a53c25,2023-03-01,500
p-84a950d12,2023-03-01,500
p-52ecc5af7,2023-03-01,500
p-08c160a2f,2023-03-01,500
p-3bd67ad7e,2023-03-01,500
p-924550d29,2023-03-01,500
p-7f92ce0ab,2023-03-01,500
p-166668968,2023-03-01,500
p-274e0924d,2023-03-01,500
p-1aa79ed62,2023-03-01,500
p-6a7d66006,2023-03-01,500
p-02b5eef69,2023-03-01,500
p-d2fe14b9b,2023-03-01,500
p-9cf2b064e,2023-03-01,500
p-9ccb93d4d,2023-03-01,500
p-0fa45e7c0,2023-03-01,500
p-a0707154c,2023-03-01,500
p-55188550f,2023-03-01,500
p-7257b984d,2023-03-01,500
p-f409a0d9b,2023-03-01,500
p-91dc4945e,2023-03-01,500
p-152d5dddf,2023-03-01,500
p-cb4d99599,2023-03-01,500
p-470bb0972,2023-03-01,500
p-76631f562,2023-03-01,500
p-83e44af42,2023-03-01,500
p-f7fd4f158,2023-03-01,500
p-142c1502e,2023-03-01,500
p-518140efc,2023-03-01,500
p-cac300a94,2023-03-01,500
p-9aa5112cd,2023-03-01,500
p-91526772e,2023-03-01,500
p-a8416c5e4,2023-03-01,500
p-c526fe230,2023-03-01,500
p-cc7824234,2023-03-01,500
p-016472483,2023-03-01,500
p-96daa6fae,2023-03-01,500
p-6332d775a,2023-03-01,500
p-44c12dfa3,2023-03-01,500
p-c9af09a02,2023-03-01,500
p-a78ceed8a,2023-03-01,500
p-988299269,2023-03-01,500
p-0cc696b1b,2023-03-01,500
p-218d9691d,2023-03-01,500
p-23b45ee93,2023-03-01,500
p-1cae344c7,2023-03-01,500
p-1bc408f8d,2023-03-01,500
p-ce6cfb26a,2023-03-01,500
p-308353ad2,2023-03-01,500
p-59d37ed65,2023-03-01,500
p-4ba34698e,2023-03-01,500
p-6005caa5d,2023-03-01,500
p-244503baa,2023-03-01,500
p-dc3613f2d,2023-03-01,500
p-0b503e694,2023-03-01,500
p-58321b4a5,2023-03-01,500
p-532fea458,2023-03-01,500
p-223f80a1a,2023-03-01,500
p-28d1a3e42,2023-03-01,500
p-3e3a30640,2023-03-01,500
p-ad7a3bd03,2023-03-01,500
p-6bb1f1a65,2023-03-01,500
p-1e91e4c9c,2023-03-01,500
p-19351cfd3,2023-03-01,500
p-025368f1d,2023-03-01,500
p-45933daea,2023-03-01,500
p-72d41e29f,2023-03-01,500
p-efae6bcde,2023-03-01,500
p-9b453ee73,2023-03-01,500
p-910bd257b,2023-03-01,500
p-b1e011fc7,2023-03-01,500
p-a1379034c,2023-03-01,500
p-53d67a658,2023-03-01,500
p-6d4d97d46,2023-03-01,500
p-105e13921,2023-03-01,500
p-e139bc569,2023-03-01,500
p-530a8ba3d,2023-03-01,500
p-daa5a08b1,2023-03-01,500
p-60234a2e4,2023-03-01,500
p-f6824d3a2,2023-03-01,500
p-81611f341,2023-03-01,500
p-26aa27224,2023-03-01,500
p-693909c68,2023-03-01,500
p-d0885324e,2023-03-01,500
p-07447821f,2023-03-01,500
p-6f113f62c,2023-03-01,500
p-e1b18b41b,2023-03-01,500
p-afd882caa,2023-03-01,500
p-7ea6255b7,2023-03-01,500
p-1396a78d8,2023-03-01,500
p-2d786b32e,2023-03-01,500
p-a00764c35,2023-03-01,500
p-57d2228e8,2023-03-01,500
p-1e12307a8,2023-03-01,500
p-d36f3a497,2023-03-01,500
p-3d3a96936,2023-03-01,500
p-a56c1749a,2023-03-01,500
p-8046cc5e4,2023-03-01,500
p-824006f4d,2023-03-01,500
p-56681c564,2023-03-01,500
p-89a6ff5de,2023-03-01,500
p-920d750e9,2023-03-01,500
p-e7146b43c,2023-03-01,500
p-ff6a670a1,2023-03-01,500
